Workbook

Sheet How to use
A1: SEA Learning Pathway: data file
A3: What this file does | B3: The explorer builds its map, tracks, levels, badges and Enrol buttons from this file. Edit it, then publish it as pathway-data.xlsx next to index.html.
A4: Preview before publishing | B4: In the explorer, switch to Staff, open the Tracks tab and choose Import Excel. The change shows only in your browser until the file is published.
A6: Sheets
A7: Tracks | B7: One row per specialist track. Key is a short code used everywhere else (for example research).
A8: Levels | B8: Levels 0 to 5. Keep all six rows; edit the wording, credit numbers and level badge images.
A9: Courses | B9: One row per course, programme or recognition. Add new courses as new rows.
A10: Links | B10: Prior learning form, Parchment links and the course catalogue.
A11: Courses still needed | B11: Calculated list of how many courses each track still needs per level. Read only.
A13: Column colours
A14: Navy heading | B14: Required. The row is rejected if it is empty.
A15: Slate heading | B15: Optional. Leave blank if not known yet; the explorer shows 'To be announced'.
A16: Teal heading, cream cells | B16: Links. Paste the full https:// address from Canvas Catalog or Parchment.
A18: Rules
A19: Keep the headings | B19: Do not rename or reorder the heading row in any sheet. Extra columns are ignored.
A20: Keep five rows | B20: Keep the Courses rows with ID orient, core, core1, core2 and expert. Edit their wording freely.
A21: Type | B21: Orientation, SEA Core (Level 1 hub), Core course, Micro-credential, Programme, External programme or Expert recognition. Programmes count as 3 courses.
A22: Track 1 and Track 2 | B22: Use the track Key. Fill Track 2 only if the course counts for two tracks.
A23: Badge image | B23: A file in the badges folder (research-ethics.svg) or a full https:// link. Leave blank and the explorer draws a placeholder badge in the level colour.
A24: Arabic | B24: Arabic columns are optional. If one is blank, the English text shows in the Arabic view.
A26: Example: adding a course
A27: Column | B27: Example value
A28: ID | B28: action-research-methods
A29: Name (English) | B29: Action Research Methods
A30: Name (Arabic) | B30: مناهج البحث الإجرائي
A31: Type | B31: Micro-credential
A32: Level | B32: 3
A33: Track 1 | B33: research
A34: Track 2 | B34: (blank)
A35: Description (English) | B35: A Level 3 micro-credential in planning and leading action research.
A36: Badge image | B36: action-research-methods.svg
A37: Time needed | B37: 30 hours
A38: Format | B38: Blended
... A40: Catalog link | B40: https://sep.sea.ac.ae/courses/action-research-methods
A42: The example above is for illustration only; it is not part of the Courses sheet.

Sheet Tracks
A1: Key | B1: Name (English) | C1: Name (Arabic) | D1: Description (English) | E1: Description (Arabic) | F1: Icon | G1: Colour | H1: Registration link (Catalog)
A2: digital | B2: Digital Learning and AI | C2: التعلم الرقمي والذكاء الاصطناعي | D2: Digital pedagogy, learning design and responsible AI. | E2: أصول التدريس الرقمية وتصميم التعلم والاستخدام المسؤول للذكاء الاصطناعي. | F2: digital
A3: tl | B3: Teaching and Learning | C3: التعليم والتعلم | D3: Planning, instruction, feedback and learner engagement. | E3: التخطيط والتدريس والتغذية الراجعة وإشراك المتعلمين. | F3: tl
A4: ec | B4: Early Childhood | C4: الطفولة المبكرة | D4: Play-based learning, development and family partnership. | E4: التعلم القائم على اللعب والنمو والشراكة مع الأسرة. | F4: ec
A5: lead | B5: Leadership and Improvement | C5: القيادة والتحسين | D5: Instructional leadership, school improvement and quality. | E5: القيادة التعليمية وتحسين المدرسة والجودة. | F5: lead
A6: research | B6: Research and Inquiry | C6: البحث والاستقصاء | D6: Practitioner and action research, evidence use, research ethics and dissemination. | E6: بحث الممارسين والبحث الإجرائي واستخدام الأدلة وأخلاقيات البحث ونشره. | F6: research | H6: https://sep.sea.ac.ae/courses/sea-pathway-hub-research-and-inquiry-beta
A7: assess | B7: Assessment and Data | C7: التقييم والبيانات | D7: Assessment design, moderation and data literacy. | E7: تصميم التقييم ومراجعته والإلمام بالبيانات. | F7: assess
A8: incl | B8: Inclusion and Wellbeing | C8: الدمج والرفاه | D8: Inclusive practice, learner support and wellbeing. | E8: الممارسة الدامجة ودعم المتعلمين والرفاه. | F8: incl

Sheet Levels
A1: Level | B1: Name (English) | C1: Name (Arabic) | D1: Theme (English) | E1: Theme (Arabic) | F1: QFEmirates band (English) | G1: QFEmirates band (Arabic) | H1: Requirement (English) | I1: Requirement (Arabic) | J1: Credential earned (English) | K1: Credential earned (Arabic) | L1: Courses needed | M1: Valid for (English) | N1: Valid for (Arabic) | O1: Unlocks (English) | P1: Unlocks (Arabic) | Q1: Badge image
A2: 0 | B2: Orientation | C2: التهيئة | D2: Explore and get started | E2: استكشف وابدأ | F2: No band | G2: بدون نطاق | H2: Introductory learning, events and open resources to explore. | I2: تعلّم تمهيدي وفعاليات وموارد مفتوحة للاستكشاف. | J2: Participation Record | K2: سجل المشاركة | M2: Not credentialed | N2: غير معتمد | O2: Meet SEA and plan your route | P2: التعرّف على الأكاديمية والتخطيط لمسارك
A3: 1 | B3: Explorer | C3: المستكشف | D3: Build foundations | E3: بناء الأسس | F3: QFEmirates band 4–5 | G3: الإطار الوطني للمؤهلات 4–5 | H3: Complete the Core: 2 micro-credentials on shared professional foundations. | I3: أكمل الجوهر: شهادتان مصغّرتان في الأسس المهنية المشتركة. | J3: Explorer Level Credential | K3: شهادة مستوى المستكشف | L3: 2 | M3: Does not expire | N3: لا تنتهي صلاحيتها | O3: Choose one of seven specialist tracks | P3: اختيار أحد المسارات التخصصية السبعة | Q3: explorer-level-credential
A4: 2 | B4: Practitioner | C4: الممارس | D4: Develop practice | E4: تطوير الممارسة | F4: QFEmirates band 5–6 | G4: الإطار الوطني للمؤهلات 5–6 | H4: Complete 3 micro-credentials in a chosen track, a practice portfolio and one observation. | I4: أكمل 3 شهادات مصغّرة في مسار مختار، وملف ممارسة، وملاحظة صفية واحدة. | J4: Practitioner Level Credential | K4: شهادة مستوى الممارس | L4: 3 | M4: 5 years | N4: 5 سنوات | O4: Advanced learning in your track | P4: التعلّم المتقدم في مسارك | Q4: practitioner-level-credential
A5: 3 | B5: Advanced Practitioner | C5: الممارس المتقدم | D5: Deepen expertise | E5: تعميق الخبرة | F5: QFEmirates band 6–7 | G5: الإطار الوطني للمؤهلات 6–7 | H5: Complete 3 advanced micro-credentials, a Leadership Badge and a practitioner inquiry. | I5: أكمل 3 شهادات مصغّرة متقدمة، وشارة القيادة، واستقصاء الممارس. | J5: Advanced Practitioner Level Credential | K5: شهادة مستوى الممارس المتقدم | L5: 3 | M5: 5 years | N5: 5 سنوات | O5: Mentor and Assessor roles | P5: دورا المرشد والمقيّم | Q5: advanced-practitioner-level-credential
A6: 4 | B6: Leader | C6: القائد | D6: Drive change | E6: قيادة التغيير | F6: QFEmirates band 7–8 | G6: الإطار الوطني للمؤهلات 7–8 | H6: Complete 2 micro-credentials and an improvement project reviewed by a panel. | I6: أكمل شهادتين مصغّرتين ومشروع تحسين تراجعه لجنة. | J6: Leader Level Credential | K6: شهادة مستوى القائد | L6: 2 | M6: 5 years | N6: 5 سنوات | O6: Co-design SEA courses | P6: المشاركة في تصميم مقررات الأكاديمية | Q6: leader-level-credential
A7: 5 | B7: Expert | C7: الخبير | D7: Shape the future | E7: صناعة المستقبل | F7: Panel recognition | G7: تقدير من لجنة | H7: Sustained contribution to the profession, through a portfolio reviewed by a panel. | I7: إسهام مستدام في المهنة عبر ملف إنجاز تراجعه لجنة. | J7: Expert Recognition | K7: تقدير الخبير | M7: 3 years, renewable | N7: 3 سنوات قابلة للتجديد | O7: Listing on the public register | P7: الإدراج في السجل العام | Q7: expert-recognition

Sheet Courses
A1: ID | B1: Name (English) | C1: Name (Arabic) | D1: Short name (English) | E1: Short name (Arabic) | F1: Type | G1: Level | H1: Track 1 | I1: Track 2 | J1: Description (English) | K1: Description (Arabic) | L1: Badge image | M1: Time needed | N1: Format | O1: Next start | P1: Outcome (English) | Q1: Outcome (Arabic) | R1: Catalog link
A2: orient | B2: Orientation | C2: التهيئة | F2: Orientation | G2: 0 | J2: Introductory learning, events and open resources. Earns a Participation Record, an engagement reward rather than a credential. | K2: تعلّم تمهيدي وفعاليات وموارد مفتوحة. تمنح سجل مشاركة، وهو مكافأة تفاعل وليس شهادة.
A3: core | B3: SEA Core | C3: جوهر الأكاديمية | F3: SEA Core (Level 1 hub) | G3: 1 | J3: The shared foundation for every learner. Two Core micro-credentials earn the Explorer Level Credential, which never expires. | K3: الأساس المشترك لكل متعلم. تمنح الشهادتان المصغّرتان الأساسيتان شهادة مستوى المستكشف التي لا تنتهي صلاحيتها. | L3: explorer-level-credential
A4: core1 | B4: Core course 1 | C4: المقرر الأساسي 1 | F4: Core course | G4: 1 | J4: Shared professional foundations, taken by every learner before choosing a track. Title to be confirmed. | K4: أسس مهنية مشتركة يدرسها كل متعلم قبل اختيار المسار. العنوان قيد التأكيد.
A5: core2 | B5: Core course 2 | C5: المقرر الأساسي 2 | F5: Core course | G5: 1 | J5: Shared professional foundations, taken by every learner before choosing a track. Title to be confirmed. | K5: أسس مهنية مشتركة يدرسها كل متعلم قبل اختيار المسار. العنوان قيد التأكيد.
A6: ddl | B6: Designing Digital Learning | C6: تصميم التعلّم الرقمي | F6: Micro-credential | G6: 2 | H6: digital | I6: tl | J6: Counts toward Digital Learning and AI and toward Teaching and Learning. | K6: تُحتسب ضمن مسار التعلم الرقمي والذكاء الاصطناعي ومسار التعليم والتعلم. | L6: designing-digital-learning
A7: ltp | B7: Learning Through Play | C7: التعلّم من خلال اللعب | F7: Micro-credential | G7: 2 | H7: tl | I7: ec | J7: Counts toward Teaching and Learning and toward Early Childhood. | K7: تُحتسب ضمن مسار التعليم والتعلم ومسار الطفولة المبكرة. | L7: learning-through-play
A8: ecect | B8: ECEC for Teachers | C8: التعليم والرعاية في الطفولة المبكرة للمعلمين | F8: Programme | G8: 2 | H8: ec | J8: An SEA programme of 12 courses, delivered as 3 micro-credentials. Completing it covers the Level 2 courses for Early Childhood. | K8: برنامج من الأكاديمية يضم 12 مقررًا تُقدَّم في 3 شهادات مصغّرة، ويغطي مقررات المستوى 2 في مسار الطفولة المبكرة. | L8: ecec-for-teachers
A9: rd | B9: Research Design | C9: تصميم البحث | F9: Micro-credential | G9: 2 | H9: research | J9: A Practitioner-level course in the Research and Inquiry track. | K9: مقرر بمستوى الممارس في مسار البحث والاستقصاء. | L9: research-design
A10: re | B10: Research Ethics | C10: أخلاقيات البحث | F10: Micro-credential | G10: 2 | H10: research | J10: A Practitioner-level course in the Research and Inquiry track. | K10: مقرر بمستوى الممارس في مسار البحث والاستقصاء. | L10: research-ethics
A11: eip | B11: Evidence-Informed Practice | C11: الممارسة المستنيرة بالأدلة | F11: Micro-credential | G11: 2 | H11: research | I11: assess | J11: Counts toward Research and Inquiry and toward Assessment and Data. | K11: تُحتسب ضمن مسار البحث والاستقصاء ومسار التقييم والبيانات. | L11: evidence-informed-practice
A12: ia | B12: Inclusive Assessment | C12: التقييم الدامج | F12: Micro-credential | G12: 2 | H12: assess | I12: incl | J12: Counts toward Assessment and Data and toward Inclusion and Wellbeing. | K12: تُحتسب ضمن مسار التقييم والبيانات ومسار الدمج والرفاه. | L12: inclusive-assessment
A13: ececl | B13: ECEC for Leaders | C13: التعليم والرعاية في الطفولة المبكرة للقادة | F13: Programme | G13: 3 | H13: ec | I13: lead | J13: An SEA programme of 9 courses, delivered as 3 micro-credentials, for Advanced Practitioner in Early Childhood. It also counts toward Leadership and Improvement. | K13: برنامج من الأكاديمية يضم 9 مقررات تُقدَّم في 3 شهادات مصغّرة لمستوى الممارس المتقدم في الطفولة المبكرة، ويُحتسب أيضًا ضمن مسار القيادة والتحسين. | L13: ecec-for-leaders
A14: pi | B14: Practitioner Inquiry | C14: استقصاء الممارس | F14: Micro-credential | G14: 3 | H14: lead | I14: research | J14: Counts toward Leadership and Improvement and toward Research and Inquiry. A practitioner inquiry is required at Advanced Practitioner. | K14: تُحتسب ضمن مسار القيادة والتحسين ومسار البحث والاستقصاء. استقصاء الممارس متطلب في مستوى الممارس المتقدم. | L14: practitioner-inquiry
A15: cam | B15: Cambridge Certificate in Educational Leadership | C15: شهادة كامبريدج في القيادة التربوية | D15: Cambridge Certificate | E15: شهادة كامبريدج | F15: External programme | G15: 4 | H15: lead | J15: A Cambridge International programme, recognised in your digital wallet. It counts toward the Leader Level Credential. | K15: برنامج من كامبريدج الدولية معترف به في محفظتك الرقمية، ويُحتسب ضمن شهادة مستوى القائد.
A16: expert | B16: Expert Recognition | C16: تقدير الخبير | F16: Expert recognition | G16: 5 | J16: Level 5, open from any track. A contribution portfolio reviewed by a panel. Recognised experts are listed on a public register. | K16: المستوى الخامس، متاح من أي مسار. ملف إسهامات تراجعه لجنة، ويُدرج الخبراء المعتمدون في سجل عام. | L16: expert-recognition

Sheet Links
A1: Setting | B1: Link
A2: Prior learning application
A3: Parchment wallet help
A4: Official progress (Parchment) | B4: https://sea.badges.parchment.eu/
A5: Course catalogue

Sheet Courses still needed
A1: Track | B1: Level | C1: Courses needed | D1: Courses in the file | E1: Still to add
A2: Digital Learning and AI | B2: 2 | C2: =INDEX(Levels!$L$2:$L$7,MATCH(B2,Levels!$A$2:$A$7,0)) -> 3 | D2: =SUMPRODUCT((Courses!$G$2:$G$200=B2)*((Courses!$H$2:$H$200="digital")+(Courses!$I$2:$I$200="digital"))*((Courses!$F$2:$F$200="Programme")*2+1)) -> 1 | E2: =MAX(0,C2-D2) -> 2
A3: Digital Learning and AI | B3: 3 | C3: =INDEX(Levels!$L$2:$L$7,MATCH(B3,Levels!$A$2:$A$7,0)) -> 3 | D3: =SUMPRODUCT((Courses!$G$2:$G$200=B3)*((Courses!$H$2:$H$200="digital")+(Courses!$I$2:$I$200="digital"))*((Courses!$F$2:$F$200="Programme")*2+1)) -> 0 | E3: =MAX(0,C3-D3) -> 3
A4: Digital Learning and AI | B4: 4 | C4: =INDEX(Levels!$L$2:$L$7,MATCH(B4,Levels!$A$2:$A$7,0)) -> 2 | D4: =SUMPRODUCT((Courses!$G$2:$G$200=B4)*((Courses!$H$2:$H$200="digital")+(Courses!$I$2:$I$200="digital"))*((Courses!$F$2:$F$200="Programme")*2+1)) -> 0 | E4: =MAX(0,C4-D4) -> 2
A5: Teaching and Learning | B5: 2 | C5: =INDEX(Levels!$L$2:$L$7,MATCH(B5,Levels!$A$2:$A$7,0)) -> 3 | D5: =SUMPRODUCT((Courses!$G$2:$G$200=B5)*((Courses!$H$2:$H$200="tl")+(Courses!$I$2:$I$200="tl"))*((Courses!$F$2:$F$200="Programme")*2+1)) -> 2 | E5: =MAX(0,C5-D5) -> 1
A6: Teaching and Learning | B6: 3 | C6: =INDEX(Levels!$L$2:$L$7,MATCH(B6,Levels!$A$2:$A$7,0)) -> 3 | D6: =SUMPRODUCT((Courses!$G$2:$G$200=B6)*((Courses!$H$2:$H$200="tl")+(Courses!$I$2:$I$200="tl"))*((Courses!$F$2:$F$200="Programme")*2+1)) -> 0 | E6: =MAX(0,C6-D6) -> 3
A7: Teaching and Learning | B7: 4 | C7: =INDEX(Levels!$L$2:$L$7,MATCH(B7,Levels!$A$2:$A$7,0)) -> 2 | D7: =SUMPRODUCT((Courses!$G$2:$G$200=B7)*((Courses!$H$2:$H$200="tl")+(Courses!$I$2:$I$200="tl"))*((Courses!$F$2:$F$200="Programme")*2+1)) -> 0 | E7: =MAX(0,C7-D7) -> 2
A8: Early Childhood | B8: 2 | C8: =INDEX(Levels!$L$2:$L$7,MATCH(B8,Levels!$A$2:$A$7,0)) -> 3 | D8: =SUMPRODUCT((Courses!$G$2:$G$200=B8)*((Courses!$H$2:$H$200="ec")+(Courses!$I$2:$I$200="ec"))*((Courses!$F$2:$F$200="Programme")*2+1)) -> 4 | E8: =MAX(0,C8-D8) -> 0
A9: Early Childhood | B9: 3 | C9: =INDEX(Levels!$L$2:$L$7,MATCH(B9,Levels!$A$2:$A$7,0)) -> 3 | D9: =SUMPRODUCT((Courses!$G$2:$G$200=B9)*((Courses!$H$2:$H$200="ec")+(Courses!$I$2:$I$200="ec"))*((Courses!$F$2:$F$200="Programme")*2+1)) -> 3 | E9: =MAX(0,C9-D9) -> 0
A10: Early Childhood | B10: 4 | C10: =INDEX(Levels!$L$2:$L$7,MATCH(B10,Levels!$A$2:$A$7,0)) -> 2 | D10: =SUMPRODUCT((Courses!$G$2:$G$200=B10)*((Courses!$H$2:$H$200="ec")+(Courses!$I$2:$I$200="ec"))*((Courses!$F$2:$F$200="Programme")*2+1)) -> 0 | E10: =MAX(0,C10-D10) -> 2
A11: Leadership and Improvement | B11: 2 | C11: =INDEX(Levels!$L$2:$L$7,MATCH(B11,Levels!$A$2:$A$7,0)) -> 3 | D11: =SUMPRODUCT((Courses!$G$2:$G$200=B11)*((Courses!$H$2:$H$200="lead")+(Courses!$I$2:$I$200="lead"))*((Courses!$F$2:$F$200="Programme")*2+1)) -> 0 | E11: =MAX(0,C11-D11) -> 3
A12: Leadership and Improvement | B12: 3 | C12: =INDEX(Levels!$L$2:$L$7,MATCH(B12,Levels!$A$2:$A$7,0)) -> 3 | D12: =SUMPRODUCT((Courses!$G$2:$G$200=B12)*((Courses!$H$2:$H$200="lead")+(Courses!$I$2:$I$200="lead"))*((Courses!$F$2:$F$200="Programme")*2+1)) -> 4 | E12: =MAX(0,C12-D12) -> 0
A13: Leadership and Improvement | B13: 4 | C13: =INDEX(Levels!$L$2:$L$7,MATCH(B13,Levels!$A$2:$A$7,0)) -> 2 | D13: =SUMPRODUCT((Courses!$G$2:$G$200=B13)*((Courses!$H$2:$H$200="lead")+(Courses!$I$2:$I$200="lead"))*((Courses!$F$2:$F$200="Programme")*2+1)) -> 1 | E13: =MAX(0,C13-D13) -> 1
A14: Research and Inquiry | B14: 2 | C14: =INDEX(Levels!$L$2:$L$7,MATCH(B14,Levels!$A$2:$A$7,0)) -> 3 | D14: =SUMPRODUCT((Courses!$G$2:$G$200=B14)*((Courses!$H$2:$H$200="research")+(Courses!$I$2:$I$200="research"))*((Courses!$F$2:$F$200="Programme")*2+1)) -> 3 | E14: =MAX(0,C14-D14) -> 0
A15: Research and Inquiry | B15: 3 | C15: =INDEX(Levels!$L$2:$L$7,MATCH(B15,Levels!$A$2:$A$7,0)) -> 3 | D15: =SUMPRODUCT((Courses!$G$2:$G$200=B15)*((Courses!$H$2:$H$200="research")+(Courses!$I$2:$I$200="research"))*((Courses!$F$2:$F$200="Programme")*2+1)) -> 1 | E15: =MAX(0,C15-D15) -> 2
A16: Research and Inquiry | B16: 4 | C16: =INDEX(Levels!$L$2:$L$7,MATCH(B16,Levels!$A$2:$A$7,0)) -> 2 | D16: =SUMPRODUCT((Courses!$G$2:$G$200=B16)*((Courses!$H$2:$H$200="research")+(Courses!$I$2:$I$200="research"))*((Courses!$F$2:$F$200="Programme")*2+1)) -> 0 | E16: =MAX(0,C16-D16) -> 2
A17: Assessment and Data | B17: 2 | C17: =INDEX(Levels!$L$2:$L$7,MATCH(B17,Levels!$A$2:$A$7,0)) -> 3 | D17: =SUMPRODUCT((Courses!$G$2:$G$200=B17)*((Courses!$H$2:$H$200="assess")+(Courses!$I$2:$I$200="assess"))*((Courses!$F$2:$F$200="Programme")*2+1)) -> 2 | E17: =MAX(0,C17-D17) -> 1
A18: Assessment and Data | B18: 3 | C18: =INDEX(Levels!$L$2:$L$7,MATCH(B18,Levels!$A$2:$A$7,0)) -> 3 | D18: =SUMPRODUCT((Courses!$G$2:$G$200=B18)*((Courses!$H$2:$H$200="assess")+(Courses!$I$2:$I$200="assess"))*((Courses!$F$2:$F$200="Programme")*2+1)) -> 0 | E18: =MAX(0,C18-D18) -> 3
A19: Assessment and Data | B19: 4 | C19: =INDEX(Levels!$L$2:$L$7,MATCH(B19,Levels!$A$2:$A$7,0)) -> 2 | D19: =SUMPRODUCT((Courses!$G$2:$G$200=B19)*((Courses!$H$2:$H$200="assess")+(Courses!$I$2:$I$200="assess"))*((Courses!$F$2:$F$200="Programme")*2+1)) -> 0 | E19: =MAX(0,C19-D19) -> 2
A20: Inclusion and Wellbeing | B20: 2 | C20: =INDEX(Levels!$L$2:$L$7,MATCH(B20,Levels!$A$2:$A$7,0)) -> 3 | D20: =SUMPRODUCT((Courses!$G$2:$G$200=B20)*((Courses!$H$2:$H$200="incl")+(Courses!$I$2:$I$200="incl"))*((Courses!$F$2:$F$200="Programme")*2+1)) -> 1 | E20: =MAX(0,C20-D20) -> 2
A21: Inclusion and Wellbeing | B21: 3 | C21: =INDEX(Levels!$L$2:$L$7,MATCH(B21,Levels!$A$2:$A$7,0)) -> 3 | D21: =SUMPRODUCT((Courses!$G$2:$G$200=B21)*((Courses!$H$2:$H$200="incl")+(Courses!$I$2:$I$200="incl"))*((Courses!$F$2:$F$200="Programme")*2+1)) -> 0 | E21: =MAX(0,C21-D21) -> 3
A22: Inclusion and Wellbeing | B22: 4 | C22: =INDEX(Levels!$L$2:$L$7,MATCH(B22,Levels!$A$2:$A$7,0)) -> 2 | D22: =SUMPRODUCT((Courses!$G$2:$G$200=B22)*((Courses!$H$2:$H$200="incl")+(Courses!$I$2:$I$200="incl"))*((Courses!$F$2:$F$200="Programme")*2+1)) -> 0 | E22: =MAX(0,C22-D22) -> 2
A24: Calculated from the Courses and Levels sheets. Programmes count as 3 courses. The explorer ignores this sheet.
